,a,b
1,Chris Seaton,Chris Sexton
2,Chris Sexton,Chris Seaton
3,D'arcy Forrester,Darcy Forrester
4,Darcy Forrester,D'arcy Forrester
5,Jack Lappin,Zack Lappin
6,John Holdem,John Holden
7,John Holden,John Holdem
8,Joshua Ocop-Coursey,Joshua Ocop-Cousey
9,Joshua Ocop-Cousey,Joshua Ocop-Coursey
10,Mike Draper,Mike Droper
11,Mike Droper,Mike Draper
12,Nick Jones,Nik Jones
13,Nik Jones,Nick Jones
14,Oilvia Reiber,Olivia Reiber
15,Olivia Reiber,Oilvia Reiber
16,Pete O'Brien,Peter O'Brien
17,Peter O'brien,Peter O'Brien
18,Peter O'Brien,Pete O'Brien
19,Pheobe McCaughan,Phoebe McCaughan
20,Phoebe McCaughan,Pheobe McCaughan
21,Rachael Hinks,Rachel Hinks
22,Rachael Walsh,Rachel Walsh
23,Rachel Hinks,Rachael Hinks
24,Rachel Murtagh,Rachel Murtash
25,Rachel Murtash,Rachel Murtagh
26,Rachel Walsh,Rachael Walsh
27,Sam Elstob,Sam Elstob 
28,Sam Elstob ,Sam Elstob
29,Sarah Mcleod,Sarah McLeod
30,Sarah McLeod,Sarah Mcleod
31,Scott Mcdonnell,Scott McDonnell
32,Scott McDonnell,Scott Mcdonnell
33,Stephen Mark,Stephen Mark 
34,Stephen Mark ,Stephen Mark
35,Steve Mcphee,Steve McPhee
36,Steve McPhee,Steve Mcphee
37,Steve Pearce,Steve Pearse
38,Steve Pearse,Steve Pearce
39,Tania Edwards,Tanya Edwards
40,Tanya Edwards,Tania Edwards
41,Zack Lappin,Jack Lappin
