"","a","b"
"1","Andrew Robb","Andrew Ross"
"2","Andrew Ross","Andrew Robb"
"3","Ben Johnstone","Lee Johnstone"
"4","Chris Seaton","Chris Sexton"
"5","Chris Sexton","Chris Seaton"
"6","Dave Slater","David Slater"
"7","David Slater","Dave Slater"
"8","Emily Bell","Emily Wall"
"9","Emily Wall","Emily Bell"
"10","Gary Ferguson","Mark Ferguson"
"11","Ian Taylor","Ryan Taylor"
"12","Ian Walker","Jen Walker"
"13","Jack Brown","Nick Brown"
"14","Jack Lappin","Zack Lappin"
"15","Jack Taylor","Mark Taylor"
"16","James Gibson","James Wilson"
"17","James Wilson","James Gibson"
"18","Jen Walker","Ian Walker"
"19","Jono Stewart","Josh Stewart"
"20","Josh Stewart","Jono Stewart"
"21","Lee Johnstone","Ben Johnstone"
"22","Mark Ferguson","Gary Ferguson"
"23","Mark Taylor","Jack Taylor"
"24","Mary Jones","Max Jones"
"25","Max Jones","Mary Jones"
"26","Mel Jones","Max Jones"
"27","Mike Jones","Mike Jong"
"28","Mike Jong","Mike King"
"29","Mike King","Mike Jong"
"30","Nathan Cohen","Nathan Cowan"
"31","Nathan Cowan","Nathan Cohen"
"32","Nic Browne","Nick Brown"
"33","Nick Brown","Nic Browne"
"34","Nick Jones","Nik Jones"
"35","Nik Jones","Nick Jones"
"36","Nikki Jones","Nick Jones"
"37","Rachael Walsh","Rachel Walsh"
"38","Rachel Murtagh","Rachel Murtash"
"39","Rachel Murtash","Rachel Murtagh"
"40","Rachel Walsh","Rachael Walsh"
"41","Ryan Taylor","Ian Taylor"
"42","Sam Alstom","Sam Elstob"
"43","Sam Elstob","Sam Alstom"
"44","Sam Hansen","Sam Manson"
"45","Sam Manson","Sam Hansen"
"46","Scott Mulder","Scott Wilder"
"47","Scott Wilder","Scott Mulder"
"48","Tania Edwards","Tanya Edwards"
"49","Tanya Edwards","Tania Edwards"
"50","Tim Chapman","Vic Chapman"
"51","Vic Chapman","Tim Chapman"
"52","Zack Lappin","Jack Lappin"
